Z,N,A,Q_MeV,half_life_s,br_alpha,Emitted_Particle,Z_k,A_k
52.0,55.0,107.0,4.0103533,0.0051428571428571435,70.0,alpha,2,4
52.0,53.0,105.0,5.0691999,6.3e-07,100.0,alpha,2,4
52.0,56.0,108.0,3.420465,4.285714285714286,49.0,alpha,2,4
52.0,57.0,109.0,3.1976861,112.82051282051283,3.9,alpha,2,4
53.0,55.0,108.0,4.098666199999999,0.026532663316582914,99.5,alpha,2,4
53.0,56.0,109.0,3.9180699,0.662142857142857,0.014,alpha,2,4
53.0,59.0,112.0,2.9570864,278333.3333333334,0.0012,alpha,2,4
53.0,57.0,110.0,3.5805414,3.941176470588235,17.0,alpha,2,4
53.0,58.0,111.0,3.2745378,2500.0,0.1,alpha,2,4
54.0,57.0,111.0,3.7121503,7.115384615384615,10.4,alpha,2,4
54.0,56.0,110.0,3.8722066,0.1453125,64.0,alpha,2,4
54.0,54.0,108.0,4.5695582,5.8e-05,100.0,alpha,2,4
54.0,58.0,112.0,3.3304128,337.5,0.8,alpha,2,4
55.0,59.0,114.0,3.3569999,3166.6666666666665,0.018,alpha,2,4
56.0,58.0,114.0,3.5922840000000003,45.55555555555555,0.9,alpha,2,4
60.0,84.0,144.0,1.9012829,7.218801e+22,100.0,alpha,2,4
61.0,84.0,145.0,2.3221114,1.9948911428571427e+17,2.8e-07,alpha,2,4
63.0,84.0,147.0,2.991137,94647272727.27272,0.0022,alpha,2,4
63.0,85.0,148.0,2.6937185,500017021276595.7,9.4e-07,alpha,2,4
63.0,88.0,151.0,1.96397,1.4516496e+26,100.0,alpha,2,4
64.0,85.0,149.0,3.0993183,190902857142.85712,0.00042,alpha,2,4
64.0,87.0,151.0,2.6522117,1344600000000000.2,8e-07,alpha,2,4
65.0,84.0,149.0,4.0779687,88814.37125748504,16.7,alpha,2,4
65.0,86.0,151.0,3.4961546,667288421.0526317,0.0095,alpha,2,4
66.0,86.0,152.0,3.7265401000000002,8568000.0,0.1,alpha,2,4
66.0,87.0,153.0,3.5590607,245872340.4255319,0.0094,alpha,2,4
66.0,84.0,150.0,4.3512892,1162.7027027027027,37.0,alpha,2,4
66.0,85.0,151.0,4.179623899999999,19285.714285714286,5.6,alpha,2,4
67.0,84.0,151.0,4.6950117,160.0,22.0,alpha,2,4
67.0,87.0,154.0,4.0414946,3920000.0,0.018,alpha,2,4
67.0,85.0,152.0,4.507395300000001,1225.0,12.0,alpha,2,4
67.0,86.0,153.0,4.0516499,236470.58823529413,0.051,alpha,2,4
68.0,85.0,153.0,4.8023924,70.0,53.0,alpha,2,4
68.0,84.0,152.0,4.9342625,11.333333333333332,90.0,alpha,2,4
68.0,88.0,156.0,3.4813646,9749999999.999998,1.2e-05,alpha,2,4
68.0,87.0,155.0,4.1183002,1445454.5454545454,0.022,alpha,2,4
68.0,86.0,154.0,4.2797284,47617.021276595755,0.47,alpha,2,4
69.0,86.0,155.0,4.571909,2602.409638554217,0.83,alpha,2,4
69.0,85.0,154.0,5.0938336,14.999999999999998,54.0,alpha,2,4
69.0,84.0,153.0,5.2483281,1.6263736263736264,91.0,alpha,2,4
69.0,88.0,157.0,3.877879,29040000.0,0.00075,alpha,2,4
69.0,87.0,156.0,4.345302800000001,129687.49999999999,0.064,alpha,2,4
70.0,86.0,156.0,4.8097648,250.0,10.0,alpha,2,4
70.0,85.0,155.0,5.3387604,2.0112359550561796,89.0,alpha,2,4
70.0,88.0,158.0,4.1704374,4257142.857142857,0.0021,alpha,2,4
70.0,84.0,154.0,5.4743142,0.4416846652267819,92.6,alpha,2,4
71.0,87.0,158.0,4.790026,1164.8351648351647,0.91,alpha,2,4
71.0,85.0,156.0,5.595813000000001,0.494,100.0,alpha,2,4
71.0,84.0,155.0,5.8016414,0.07613636363636364,88.0,alpha,2,4
72.0,89.0,161.0,4.6791789,6133.333333333333,0.3,alpha,2,4
72.0,87.0,159.0,5.225092,43.333333333333336,12.0,alpha,2,4
72.0,88.0,160.0,4.9018746,1942.8571428571431,0.7,alpha,2,4
72.0,85.0,157.0,5.8800072000000005,0.1223404255319149,94.0,alpha,2,4
72.0,86.0,158.0,5.404777500000001,6.54627539503386,44.3,alpha,2,4
72.0,84.0,156.0,6.0259559000000005,0.023,100.0,alpha,2,4
72.0,90.0,162.0,4.4162789,483750.0,0.008,alpha,2,4
73.0,89.0,162.0,5.0058799,4810.810810810811,0.074,alpha,2,4
73.0,86.0,159.0,5.680983400000001,3.0588235294117645,34.0,alpha,2,4
73.0,84.0,157.0,6.3545986999999995,0.010559006211180125,96.6,alpha,2,4
73.0,85.0,158.0,6.1236044000000005,0.049,100.0,alpha,2,4
74.0,89.0,163.0,5.5192516,19.285714285714285,14.0,alpha,2,4
74.0,88.0,162.0,5.6782669,2.152173913043478,46.0,alpha,2,4
74.0,87.0,161.0,5.9228816,0.5602739726027397,73.0,alpha,2,4
74.0,86.0,160.0,6.0655256,0.10459770114942529,87.0,alpha,2,4
74.0,85.0,159.0,6.4508877,0.0085,100.0,alpha,2,4
74.0,94.0,168.0,4.50051,1590625.0,0.0032,alpha,2,4
74.0,93.0,167.0,4.7511923,49749.99999999999,0.04,alpha,2,4
74.0,92.0,166.0,4.8560389,54857.14285714285,0.035,alpha,2,4
74.0,91.0,165.0,5.0295853,5099.999999999999,0.1,alpha,2,4
74.0,90.0,164.0,5.278276300000001,166.8421052631579,3.8,alpha,2,4
75.0,88.0,163.0,6.0119883000000005,1.21875,32.0,alpha,2,4
75.0,87.0,162.0,6.2403702,0.11382978723404256,94.0,alpha,2,4
75.0,86.0,161.0,6.3282117,0.06285714285714286,0.7,alpha,2,4
75.0,85.0,160.0,6.6977533000000005,0.0055636363636363635,11.0,alpha,2,4
75.0,94.0,169.0,5.0137087000000005,161999.99999999997,0.005,alpha,2,4
75.0,93.0,168.0,5.0629999,88000.0,0.005,alpha,2,4
75.0,92.0,167.0,5.276,590.0,1.0,alpha,2,4
75.0,90.0,165.0,5.6943058,11.428571428571429,14.0,alpha,2,4
76.0,90.0,166.0,6.1427746,0.25542168674698795,83.0,alpha,2,4
76.0,91.0,167.0,5.9846624,1.6450980392156862,51.0,alpha,2,4
76.0,92.0,168.0,5.8156444,4.666666666666667,45.0,alpha,2,4
76.0,93.0,169.0,5.7134159,24.817518248175183,13.7,alpha,2,4
76.0,94.0,170.0,5.536863500000001,77.89473684210526,9.5,alpha,2,4
76.0,95.0,171.0,5.3710583,461.1111111111111,1.8,alpha,2,4
76.0,96.0,172.0,5.2243737,1600.0,1.2,alpha,2,4
76.0,97.0,173.0,5.0547005,5599.999999999999,0.4,alpha,2,4
76.0,98.0,174.0,4.8705053,220000.0,0.02,alpha,2,4
76.0,85.0,161.0,7.068857200000001,0.00064,100.0,alpha,2,4
76.0,86.0,162.0,6.767783400000001,0.0021000000000000003,100.0,alpha,2,4
76.0,87.0,163.0,6.6725656,0.0058,100.0,alpha,2,4
76.0,88.0,164.0,6.4794339,0.021875000000000002,96.0,alpha,2,4
76.0,89.0,165.0,6.3354935,0.07888888888888888,90.0,alpha,2,4
76.0,108.0,184.0,2.9587617,3.5344512e+20,100.0,alpha,2,4
77.0,100.0,177.0,5.081529400000001,50000.00000000001,0.06,alpha,2,4
77.0,90.0,167.0,6.5048887,0.06818181818181819,44.0,alpha,2,4
77.0,92.0,169.0,6.1410216,0.6660377358490567,53.0,alpha,2,4
77.0,93.0,170.0,6.23,16.73076923076923,5.2,alpha,2,4
77.0,94.0,171.0,5.997,21.333333333333336,15.0,alpha,2,4
77.0,95.0,172.0,5.9905999,220.0,2.0,alpha,2,4
77.0,96.0,173.0,5.7158754,257.1428571428571,3.5,alpha,2,4
77.0,97.0,174.0,5.693143500000001,1580.0,0.5,alpha,2,4
77.0,98.0,175.0,5.430858100000001,1047.0588235294117,0.85,alpha,2,4
77.0,99.0,176.0,5.2600002,287.0967741935484,3.1,alpha,2,4
77.0,89.0,166.0,6.7223507,0.012580645161290321,93.0,alpha,2,4
78.0,100.0,178.0,5.5729819,272.72727272727275,7.7,alpha,2,4
78.0,101.0,179.0,5.4123174,8833.333333333334,0.24,alpha,2,4
78.0,106.0,184.0,4.5987954,61058823.52941177,0.0017,alpha,2,4
78.0,107.0,185.0,4.4369081,85080000.0,0.005,alpha,2,4
78.0,108.0,186.0,4.3197459,5348571428.571429,0.00014,alpha,2,4
78.0,102.0,180.0,5.2763933,10769.23076923077,0.52,alpha,2,4
78.0,103.0,181.0,5.1500349,70270.27027027027,0.074,alpha,2,4
78.0,104.0,182.0,4.9509069,426315.7894736843,0.038,alpha,2,4
78.0,105.0,183.0,4.8220248,4062500.0000000005,0.0096,alpha,2,4
78.0,110.0,188.0,4.0066799,3389538461538.4614,2.6e-05,alpha,2,4
78.0,87.0,165.0,7.453005,0.00026,100.0,alpha,2,4
78.0,89.0,167.0,7.158089200000001,0.0009000000000000001,100.0,alpha,2,4
78.0,91.0,169.0,6.8576107,0.0069900000000000006,100.0,alpha,2,4
78.0,90.0,168.0,6.9897297,0.00202,100.0,alpha,2,4
78.0,93.0,171.0,6.6073756999999995,0.05111111111111111,90.0,alpha,2,4
78.0,92.0,170.0,6.707408099999999,0.013900000000000001,100.0,alpha,2,4
78.0,95.0,173.0,6.3613102,0.44523809523809527,84.0,alpha,2,4
78.0,94.0,172.0,6.4634089999999995,0.10041237113402063,97.0,alpha,2,4
78.0,97.0,175.0,6.163637700000001,3.796875,64.0,alpha,2,4
78.0,96.0,174.0,6.1831682,1.1573333333333333,75.0,alpha,2,4
78.0,99.0,177.0,5.642897700000001,175.43859649122805,5.7,alpha,2,4
78.0,98.0,176.0,5.8848064,15.8,40.0,alpha,2,4
79.0,91.0,170.0,7.1773107000000005,0.0026363636363636363,11.0,alpha,2,4
79.0,94.0,173.0,6.8364832,0.027978723404255324,94.0,alpha,2,4
79.0,93.0,172.0,6.923303700000001,0.022,100.0,alpha,2,4
79.0,96.0,175.0,6.583427800000001,0.22333333333333333,90.0,alpha,2,4
79.0,95.0,174.0,6.6992937,0.15444444444444444,90.0,alpha,2,4
79.0,98.0,177.0,6.2978037,2.692592592592592,54.0,alpha,2,4
79.0,97.0,176.0,6.4334907,1.810344827586207,58.0,alpha,2,4
79.0,99.0,178.0,6.057992100000001,21.25,16.0,alpha,2,4
79.0,100.0,179.0,5.9810233,32.72727272727273,22.0,alpha,2,4
79.0,103.0,182.0,5.5254222,11923.076923076924,0.13,alpha,2,4
79.0,104.0,183.0,5.465315800000001,7781.81818181818,0.55,alpha,2,4
79.0,101.0,180.0,5.8313605,1362.0689655172416,0.58,alpha,2,4
79.0,102.0,181.0,5.7513689,507.40740740740733,2.7,alpha,2,4
79.0,107.0,186.0,4.911910600000001,80250000.0,0.0008,alpha,2,4
79.0,106.0,185.0,5.1799695,99230.76923076923,0.26,alpha,2,4
80.0,90.0,170.0,7.77323,7.999999999999999e-05,100.0,alpha,2,4
80.0,94.0,174.0,7.2332692,0.0019,100.0,alpha,2,4
80.0,93.0,173.0,7.3780245,0.0008,100.0,alpha,2,4
80.0,92.0,172.0,7.5238007,0.00023099999999999998,100.0,alpha,2,4
80.0,91.0,171.0,7.6676865,5.9e-05,100.0,alpha,2,4
80.0,98.0,178.0,6.5773459999999995,0.298876404494382,89.0,alpha,2,4
80.0,96.0,176.0,6.8971154,0.02127659574468085,94.0,alpha,2,4
80.0,95.0,175.0,7.0722101,0.010199999999999999,100.0,alpha,2,4
80.0,99.0,179.0,6.3508448,1.4000000000000001,75.0,alpha,2,4
80.0,103.0,183.0,6.038556,37.71186440677966,23.6,alpha,2,4
80.0,104.0,184.0,5.6601723,2783.7837837837837,1.11,alpha,2,4
80.0,105.0,185.0,5.7729305,803.3333333333334,6.0,alpha,2,4
80.0,106.0,186.0,5.2044457,517499.9999999999,0.016,alpha,2,4
80.0,108.0,188.0,4.7092193,527027027.0270271,3.7e-05,alpha,2,4
80.0,100.0,180.0,6.2584894,5.375,48.0,alpha,2,4
80.0,101.0,181.0,6.2843935,15.000000000000002,24.0,alpha,2,4
80.0,102.0,182.0,5.9956845,78.84057971014492,13.8,alpha,2,4
81.0,103.0,184.0,6.3173754,778.688524590164,1.22,alpha,2,4
81.0,100.0,181.0,6.322071200000001,33.72093023255814,8.6,alpha,2,4
81.0,96.0,177.0,7.0669981,0.024657534246575342,73.0,alpha,2,4
81.0,97.0,178.0,7.0200433,0.4096774193548387,62.0,alpha,2,4
81.0,98.0,179.0,6.7091387000000005,0.71,60.0,alpha,2,4
81.0,99.0,180.0,6.7056128,18.166666666666668,6.0,alpha,2,4
82.0,96.0,178.0,7.7894724,0.0002,100.0,alpha,2,4
82.0,97.0,179.0,7.5961352,0.0027,100.0,alpha,2,4
82.0,98.0,180.0,7.4186542,0.0040999999999999995,100.0,alpha,2,4
82.0,99.0,181.0,7.240276,0.036000000000000004,100.0,alpha,2,4
82.0,112.0,194.0,4.737843,8794520547.945204,7.3e-06,alpha,2,4
82.0,105.0,187.0,6.3927844,160.0,9.5,alpha,2,4
82.0,106.0,188.0,6.1088469,300.0,8.5,alpha,2,4
82.0,108.0,190.0,5.697536100000001,17750.0,0.4,alpha,2,4
82.0,101.0,183.0,6.9279999,0.535,100.0,alpha,2,4
82.0,102.0,184.0,6.7740111,0.6125,80.0,alpha,2,4
82.0,103.0,185.0,6.6949999,18.52941176470588,34.0,alpha,2,4
82.0,104.0,186.0,6.471072100000001,12.05,40.0,alpha,2,4
82.0,109.0,191.0,5.4023497,156470.58823529416,0.051,alpha,2,4
82.0,110.0,192.0,5.2215895,3559322.033898305,0.0059,alpha,2,4
82.0,100.0,182.0,7.065873400000001,0.055,100.0,alpha,2,4
82.0,128.0,210.0,3.7923827,3.687256421052631e+16,1.9e-06,alpha,2,4
83.0,113.0,196.0,5.4383004,26765217.391304348,0.00115,alpha,2,4
83.0,111.0,194.0,5.9182999,21739.130434782608,0.46,alpha,2,4
83.0,112.0,195.0,5.8324683,610000.0,0.03,alpha,2,4
83.0,110.0,193.0,6.306626100000001,1799.9999999999998,3.5,alpha,2,4
83.0,102.0,185.0,8.138,3.5e-05,8.0,alpha,2,4
83.0,103.0,186.0,7.7567999,0.0148,100.0,alpha,2,4
83.0,101.0,184.0,8.22,0.013000000000000001,100.0,alpha,2,4
83.0,106.0,189.0,7.268165,0.685,100.0,alpha,2,4
83.0,107.0,190.0,6.862118499999999,7.0,90.0,alpha,2,4
83.0,105.0,188.0,7.2636388,0.06,100.0,alpha,2,4
83.0,108.0,191.0,6.780325,24.313725490196077,51.0,alpha,2,4
83.0,109.0,192.0,6.3769499,288.33333333333337,12.0,alpha,2,4
83.0,131.0,214.0,5.6212999,5631428.571428571,0.021,alpha,2,4
83.0,130.0,213.0,5.9882062,128591.16541353383,2.128,alpha,2,4
83.0,128.0,211.0,6.7504042,128.75536480686696,99.724,alpha,2,4
83.0,129.0,212.0,6.207261900000001,10108.681135225375,35.94,alpha,2,4
83.0,126.0,209.0,3.1372975000000003,6.3430776e+26,100.0,alpha,2,4
83.0,127.0,210.0,5.036472799999999,328058181818.18176,0.000132,alpha,2,4
84.0,121.0,205.0,5.324718600000001,16110000.0,0.04,alpha,2,4
84.0,122.0,206.0,5.327024000000001,13950825.688073395,5.45,alpha,2,4
84.0,123.0,207.0,5.215866500000001,99428571.42857143,0.021,alpha,2,4
84.0,124.0,208.0,5.215692,91457583.10332415,99.996,alpha,2,4
84.0,125.0,209.0,4.9792314,3931028580.039178,99.545,alpha,2,4
84.0,126.0,210.0,5.407530700000001,11955859.2,100.0,alpha,2,4
84.0,127.0,211.0,7.5945602,0.516,100.0,alpha,2,4
84.0,128.0,212.0,8.9541948,2.9500000000000003e-07,100.0,alpha,2,4
84.0,129.0,213.0,8.536138999999999,3.7059999999999998e-06,100.0,alpha,2,4
84.0,130.0,214.0,7.8335408,0.00016347999999999997,100.0,alpha,2,4
84.0,131.0,215.0,7.5263255000000004,0.0017810040963094215,99.99977,alpha,2,4
84.0,132.0,216.0,6.9063495,0.14400000000000002,100.0,alpha,2,4
84.0,133.0,217.0,6.662134200000001,1.5692307692307692,97.5,alpha,2,4
84.0,134.0,218.0,6.1147544,185.86088939566704,99.978,alpha,2,4
84.0,135.0,219.0,5.9141999,2197.8723404255325,28.2,alpha,2,4
84.0,102.0,186.0,8.501171200000002,2.8e-05,100.0,alpha,2,4
84.0,103.0,187.0,7.978899900000001,0.0014,100.0,alpha,2,4
84.0,104.0,188.0,8.0822927,0.00027,100.0,alpha,2,4
84.0,105.0,189.0,7.6942999,0.0035,100.0,alpha,2,4
84.0,107.0,191.0,7.4933085,0.022,100.0,alpha,2,4
84.0,108.0,192.0,7.319625,0.032200000000000006,100.0,alpha,2,4
84.0,109.0,193.0,7.0938012,0.40700000000000003,100.0,alpha,2,4
84.0,110.0,194.0,6.987074,0.421505376344086,93.0,alpha,2,4
84.0,111.0,195.0,6.749673,4.9361702127659575,94.0,alpha,2,4
84.0,112.0,196.0,6.6581987,5.98936170212766,94.0,alpha,2,4
84.0,113.0,197.0,6.4112605,122.72727272727273,44.0,alpha,2,4
84.0,114.0,198.0,6.309672,185.26315789473685,57.0,alpha,2,4
84.0,115.0,199.0,6.0742948,4400.000000000001,7.5,alpha,2,4
84.0,116.0,200.0,5.9816351999999995,6106.194690265486,11.3,alpha,2,4
84.0,117.0,201.0,5.799303,82300.88495575222,1.13,alpha,2,4
84.0,118.0,202.0,5.7009575,139375.00000000003,1.92,alpha,2,4
84.0,119.0,203.0,5.4959999,2001818.181818182,0.11,alpha,2,4
84.0,120.0,204.0,5.484896399999999,1881842.4962852895,0.673,alpha,2,4
85.0,108.0,193.0,7.572424600000001,0.028,100.0,alpha,2,4
85.0,109.0,194.0,7.4544999,0.28600000000000003,100.0,alpha,2,4
85.0,106.0,191.0,7.822272600000001,0.0017,100.0,alpha,2,4
85.0,119.0,204.0,6.070406200000001,14153.846153846152,3.9,alpha,2,4
85.0,117.0,202.0,6.3538287,1533.3333333333335,12.0,alpha,2,4
85.0,118.0,203.0,6.2100934,1432.258064516129,31.0,alpha,2,4
85.0,115.0,200.0,6.5962229,81.13207547169812,53.0,alpha,2,4
85.0,116.0,201.0,6.4728382,119.71830985915494,71.0,alpha,2,4
85.0,113.0,198.0,6.8893574,4.966666666666666,90.0,alpha,2,4
85.0,114.0,199.0,6.7772734,7.576086956521738,92.0,alpha,2,4
85.0,111.0,196.0,7.1964462000000005,0.3866666666666667,97.5,alpha,2,4
85.0,112.0,197.0,7.104392799999999,0.40374609781477633,96.1,alpha,2,4
85.0,128.0,213.0,9.2541513,1.24e-07,100.0,alpha,2,4
85.0,129.0,214.0,8.9878374,5.58e-07,100.0,alpha,2,4
85.0,126.0,211.0,5.9824474,62177.11823839157,41.78,alpha,2,4
85.0,127.0,212.0,7.8170863,0.314,100.0,alpha,2,4
85.0,124.0,209.0,5.7568804,475902.4390243903,4.1,alpha,2,4
85.0,125.0,210.0,5.6311855,16662857.142857142,0.175,alpha,2,4
85.0,122.0,207.0,5.8724955,65159.99999999999,10.0,alpha,2,4
85.0,123.0,208.0,5.7511098,1066909.0909090908,0.55,alpha,2,4
85.0,120.0,205.0,6.019571,16139.999999999996,10.0,alpha,2,4
85.0,121.0,206.0,5.8865504,203333.3333333333,0.9,alpha,2,4
85.0,135.0,220.0,6.0768447,2782.5,8.0,alpha,2,4
85.0,133.0,218.0,6.8760822,1.28064032016008,99.95,alpha,2,4
85.0,134.0,219.0,6.3418333,59.82905982905983,93.6,alpha,2,4
85.0,131.0,216.0,7.949705,0.0003,100.0,alpha,2,4
85.0,132.0,217.0,7.2013529,0.03260228215975118,99.993,alpha,2,4
86.0,128.0,214.0,9.2084798,2.5900000000000003e-07,100.0,alpha,2,4
86.0,127.0,213.0,8.24515,0.019379999999999998,100.0,alpha,2,4
86.0,124.0,210.0,6.1589884,9075.0,96.0,alpha,2,4
86.0,123.0,209.0,6.155433100000001,10129.411764705881,17.0,alpha,2,4
86.0,126.0,212.0,6.385072,1434.0,100.0,alpha,2,4
86.0,125.0,211.0,5.965454800000001,193138.68613138687,27.4,alpha,2,4
86.0,120.0,206.0,6.3837351,608.7096774193548,62.0,alpha,2,4
86.0,122.0,208.0,6.2607403,2349.677419354839,62.0,alpha,2,4
86.0,121.0,207.0,6.2511611,2642.857142857143,21.0,alpha,2,4
86.0,135.0,221.0,6.1629859,7710.0,20.0,alpha,2,4
86.0,130.0,216.0,8.1978049,2.9e-05,100.0,alpha,2,4
86.0,109.0,195.0,7.6940999,0.006,100.0,alpha,2,4
86.0,108.0,194.0,7.8624159,0.0007800000000000001,100.0,alpha,2,4
86.0,107.0,193.0,8.0399999,0.00115,100.0,alpha,2,4
86.0,117.0,203.0,6.6298682,66.66666666666666,66.0,alpha,2,4
86.0,116.0,202.0,6.7738018,12.5,78.0,alpha,2,4
86.0,119.0,205.0,6.386486,680.0,25.0,alpha,2,4
86.0,118.0,204.0,6.546652,102.77777777777779,72.0,alpha,2,4
86.0,113.0,199.0,7.1318922,0.6,100.0,alpha,2,4
86.0,112.0,198.0,7.3493816,0.07222222222222222,90.0,alpha,2,4
86.0,114.0,200.0,7.0433611,1.1976744186046513,86.0,alpha,2,4
86.0,111.0,197.0,7.410754600000001,0.055,100.0,alpha,2,4
86.0,110.0,196.0,7.6167366,0.0044,100.0,alpha,2,4
87.0,136.0,223.0,5.5613922,21989999.999999996,0.006,alpha,2,4
87.0,134.0,221.0,6.457737,288.074403720186,99.995,alpha,2,4
87.0,133.0,220.0,6.800737900000001,27.49623682890115,99.65,alpha,2,4
87.0,129.0,216.0,9.174254999999999,7e-07,100.0,alpha,2,4
87.0,127.0,214.0,8.5888563,0.0055,100.0,alpha,2,4
87.0,126.0,213.0,6.9046577,34.35897435897436,99.45,alpha,2,4
87.0,121.0,208.0,6.7854078,65.84269662921348,89.0,alpha,2,4
87.0,120.0,207.0,6.8886707,15.578947368421055,95.0,alpha,2,4
87.0,125.0,212.0,6.528987,2832.558139534884,43.0,alpha,2,4
87.0,124.0,211.0,6.662251400000001,213.79310344827587,87.0,alpha,2,4
87.0,123.0,210.0,6.6709639,268.7323943661972,71.0,alpha,2,4
87.0,122.0,209.0,6.7774589,56.741573033707866,89.0,alpha,2,4
87.0,118.0,205.0,7.054709300000001,3.9593908629441623,98.5,alpha,2,4
87.0,117.0,204.0,7.1702862,1.9565217391304348,92.0,alpha,2,4
87.0,116.0,203.0,7.274873899999999,0.55,100.0,alpha,2,4
87.0,115.0,202.0,7.3853686,0.364,100.0,alpha,2,4
87.0,119.0,206.0,6.923331600000001,18.099547511312217,88.4,alpha,2,4
87.0,110.0,197.0,7.8963752000000005,0.0006,100.0,alpha,2,4
87.0,114.0,201.0,7.5189119,0.063,100.0,alpha,2,4
87.0,113.0,200.0,7.6218374,0.05,100.0,alpha,2,4
87.0,112.0,199.0,7.8167717,0.0045000000000000005,100.0,alpha,2,4
87.0,111.0,198.0,7.8692720000000005,0.015,100.0,alpha,2,4
88.0,126.0,214.0,7.272588600000001,2.4394636782069243,99.94,alpha,2,4
88.0,125.0,213.0,6.861690800000001,190.46511627906975,86.0,alpha,2,4
88.0,128.0,216.0,9.5257696,1.72e-07,100.0,alpha,2,4
88.0,129.0,217.0,9.1605687,1.59e-06,100.0,alpha,2,4
88.0,120.0,208.0,7.2731333000000005,1.2758620689655173,87.0,alpha,2,4
88.0,122.0,210.0,7.1508409,3.9,100.0,alpha,2,4
88.0,121.0,209.0,7.1430886000000005,4.8,100.0,alpha,2,4
88.0,124.0,212.0,7.0317107,13.0,100.0,alpha,2,4
88.0,123.0,211.0,7.0416957,13.0,100.0,alpha,2,4
88.0,115.0,203.0,7.736261300000001,0.031,100.0,alpha,2,4
88.0,114.0,202.0,7.8803036,0.0038,100.0,alpha,2,4
88.0,117.0,205.0,7.4863498,0.215,100.0,alpha,2,4
88.0,116.0,204.0,7.6366358000000005,0.058,100.0,alpha,2,4
88.0,119.0,207.0,7.2731167999999995,1.627906976744186,86.0,alpha,2,4
88.0,118.0,206.0,7.415257800000001,0.24,100.0,alpha,2,4
88.0,113.0,201.0,8.001532599999999,0.008,100.0,alpha,2,4
89.0,119.0,208.0,7.7286302,0.093,100.0,alpha,2,4
89.0,118.0,207.0,7.844899900000001,0.027,100.0,alpha,2,4
89.0,117.0,206.0,7.9582999,0.027,100.0,alpha,2,4
89.0,116.0,205.0,8.0931999,0.0077,100.0,alpha,2,4
89.0,123.0,212.0,7.539611799999999,0.895,100.0,alpha,2,4
89.0,122.0,211.0,7.567589700000001,0.21,100.0,alpha,2,4
89.0,121.0,210.0,7.586022,0.34400000000000003,100.0,alpha,2,4
89.0,120.0,209.0,7.7297872,0.091,100.0,alpha,2,4
89.0,127.0,216.0,9.2408187,0.00035999999999999997,100.0,alpha,2,4
89.0,126.0,215.0,7.7459488,0.17015313782404165,99.91,alpha,2,4
89.0,124.0,213.0,7.4982578,0.738,100.0,alpha,2,4
89.0,134.0,223.0,6.7831999,128.4848484848485,99.0,alpha,2,4
89.0,133.0,222.0,7.137441300000001,4.94949494949495,99.0,alpha,2,4
89.0,131.0,220.0,8.3478172,0.0264,100.0,alpha,2,4
89.0,138.0,227.0,5.0422697,49788974347.826096,1.38,alpha,2,4
89.0,137.0,226.0,5.5061819,1762200000.0,0.006,alpha,2,4
89.0,135.0,224.0,6.326899900000001,109978.02197802198,9.1,alpha,2,4
90.0,142.0,232.0,4.0815999000000005,4.439655659743416e+17,100.0,alpha,2,4
90.0,138.0,228.0,5.5201511000000005,60325508.16,100.0,alpha,2,4
90.0,135.0,225.0,6.921399900000001,581.3333333333334,90.0,alpha,2,4
90.0,126.0,216.0,8.072383799999999,0.026000000000000002,100.0,alpha,2,4
90.0,123.0,213.0,7.8369514,0.146,100.0,alpha,2,4
90.0,122.0,212.0,7.9580367,0.0317,100.0,alpha,2,4
90.0,124.0,214.0,7.8271772,0.1,100.0,alpha,2,4
90.0,121.0,211.0,7.9374924,0.037,100.0,alpha,2,4
90.0,120.0,210.0,8.0689919,0.0157,100.0,alpha,2,4
90.0,119.0,209.0,8.166,0.0025,100.0,alpha,2,4
90.0,118.0,208.0,8.2020281,0.0031000000000000003,100.0,alpha,2,4
91.0,120.0,211.0,8.4810817,0.0038,100.0,alpha,2,4
91.0,123.0,214.0,8.2708999,0.017,100.0,alpha,2,4
91.0,122.0,213.0,8.3843916,0.0053,100.0,alpha,2,4
91.0,121.0,212.0,8.410752500000001,0.005,100.0,alpha,2,4
91.0,125.0,216.0,8.099282800000001,0.11800000000000001,100.0,alpha,2,4
91.0,135.0,226.0,6.9868864,145.94594594594594,74.0,alpha,2,4
91.0,139.0,230.0,5.4394263,42953142857.142845,0.0035,alpha,2,4
91.0,138.0,229.0,5.8346274000000005,26258823.529411767,0.51,alpha,2,4
91.0,137.0,228.0,6.2645352,3852972.972972973,1.85,alpha,2,4
91.0,136.0,227.0,6.580399900000001,2703.529411764706,85.0,alpha,2,4
91.0,140.0,231.0,5.1499071,1033164266400.0,100.0,alpha,2,4
92.0,123.0,215.0,8.587999900000002,0.0007,100.0,alpha,2,4
92.0,130.0,222.0,9.481171,4.7e-06,100.0,alpha,2,4
92.0,125.0,217.0,8.426,0.016,100.0,alpha,2,4
92.0,124.0,216.0,8.530627200000001,0.0045000000000000005,100.0,alpha,2,4
92.0,129.0,221.0,9.889299900000001,6.6e-07,100.0,alpha,2,4
92.0,141.0,233.0,4.9086781,5023622786400.0,100.0,alpha,2,4
92.0,140.0,232.0,5.41363,2174318640.0,100.0,alpha,2,4
92.0,143.0,235.0,4.6780559,2.22157389594312e+16,100.0,alpha,2,4
92.0,142.0,234.0,4.8575319,7747390800000.0,100.0,alpha,2,4
92.0,144.0,236.0,4.5729562,739394568000000.0,100.0,alpha,2,4
92.0,138.0,230.0,5.9924517999999996,1747872.0,100.0,alpha,2,4
92.0,137.0,229.0,6.4755112,17339.999999999996,20.0,alpha,2,4
92.0,139.0,231.0,5.5762769,9072000000.0,0.004,alpha,2,4
92.0,146.0,238.0,4.2698581,1.4084883020376e+17,100.0,alpha,2,4
93.0,129.0,222.0,10.200156999999999,3.8e-07,100.0,alpha,2,4
93.0,127.0,220.0,10.2263078,2.4999999999999998e-05,100.0,alpha,2,4
93.0,126.0,219.0,9.207497799999999,0.00015,100.0,alpha,2,4
93.0,132.0,225.0,8.8182451,0.0037,100.0,alpha,2,4
93.0,131.0,224.0,9.3289344,3.7999999999999995e-05,100.0,alpha,2,4
93.0,130.0,223.0,9.6504434,2.1499999999999997e-06,100.0,alpha,2,4
93.0,138.0,231.0,6.368399900000001,146400.0,2.0,alpha,2,4
93.0,136.0,229.0,7.0198216,352.94117647058823,68.0,alpha,2,4
93.0,135.0,228.0,7.538,153.5,40.0,alpha,2,4
93.0,144.0,237.0,4.957273,67659494400000.0,100.0,alpha,2,4
93.0,143.0,236.0,5.006629,3057142500000000.0,0.16,alpha,2,4
93.0,142.0,235.0,5.1937905,1316270769230.7693,0.0026,alpha,2,4
94.0,150.0,244.0,4.6656077,2568792494768565.5,99.877,alpha,2,4
94.0,145.0,239.0,5.244521600000001,760822178400.0,100.0,alpha,2,4
94.0,144.0,238.0,5.5932729,2767601520.0,100.0,alpha,2,4
94.0,147.0,241.0,5.140066399999999,18456687771428.574,0.00245,alpha,2,4
94.0,146.0,240.0,5.2558215,207087282720.0,100.0,alpha,2,4
94.0,141.0,235.0,5.951478900000001,54214285.71428572,0.0028,alpha,2,4
94.0,140.0,234.0,6.3100537,528000.0000000001,6.0,alpha,2,4
94.0,143.0,237.0,5.7476353,123228000000.0,0.0032,alpha,2,4
94.0,142.0,236.0,5.8671471,90191620.8,100.0,alpha,2,4
94.0,138.0,232.0,6.715998,18054.545454545456,11.0,alpha,2,4
94.0,137.0,231.0,6.838627499999999,5159.999999999999,10.0,alpha,2,4
94.0,139.0,233.0,6.4162999,1045000.0000000001,0.12,alpha,2,4
94.0,136.0,230.0,7.1784564,107.0,100.0,alpha,2,4
94.0,135.0,229.0,7.598006900000001,166.0,50.0,alpha,2,4
95.0,134.0,229.0,8.1373999,0.9,100.0,alpha,2,4
95.0,138.0,233.0,7.059,4266.666666666667,4.5,alpha,2,4
95.0,142.0,237.0,6.196,17520000.0,0.025,alpha,2,4
95.0,140.0,235.0,6.5759999,154500.0,0.4,alpha,2,4
95.0,145.0,240.0,5.7071000000000005,96442105263.15788,0.00019,alpha,2,4
95.0,144.0,239.0,5.9223999,428400000.0,0.01,alpha,2,4
95.0,143.0,238.0,6.041699899999999,5844000000.000001,0.0001,alpha,2,4
95.0,128.0,223.0,10.838000000000001,0.005200000000000001,100.0,alpha,2,4
96.0,140.0,236.0,7.066989700000001,2266.6666666666665,18.0,alpha,2,4
96.0,138.0,234.0,7.3653254,185.18518518518516,27.0,alpha,2,4
96.0,137.0,233.0,7.4734999,115.0,20.0,alpha,2,4
96.0,139.0,235.0,7.28,30000.0,1.0,alpha,2,4
96.0,150.0,246.0,5.4751197000000005,150158769718.28134,99.97385,alpha,2,4
96.0,152.0,248.0,5.161810900000001,12004048062001.965,91.61,alpha,2,4
96.0,142.0,238.0,6.670301,206250.00000000003,3.84,alpha,2,4
96.0,145.0,241.0,6.1851918999999995,283391999.99999994,1.0,alpha,2,4
96.0,147.0,243.0,6.1687999,923529002.1061077,99.71,alpha,2,4
96.0,146.0,242.0,6.2156349,14072832.0,100.0,alpha,2,4
96.0,149.0,245.0,5.6244928000000005,260192412000.0,100.0,alpha,2,4
96.0,148.0,244.0,5.9015999,571571251.1999999,100.0,alpha,2,4
97.0,146.0,243.0,6.8743533,11040000.0,0.15,alpha,2,4
97.0,147.0,244.0,6.7787999,301199999.99999994,0.006,alpha,2,4
97.0,148.0,245.0,6.4545246,357120000.00000006,0.12,alpha,2,4
97.0,150.0,247.0,5.8895999,43549488000.0,100.0,alpha,2,4
97.0,139.0,236.0,7.697,129.41176470588235,17.0,alpha,2,4
97.0,152.0,249.0,5.5209999,2063509489051.095,0.00137,alpha,2,4
98.0,148.0,246.0,6.8616127,128526.94045478456,99.9946,alpha,2,4
98.0,149.0,247.0,6.5025408,31988571.428571425,0.035,alpha,2,4
98.0,146.0,244.0,7.3289581,1551.9999999999998,75.0,alpha,2,4
98.0,147.0,245.0,7.258465500000001,7648.72521246459,35.3,alpha,2,4
98.0,144.0,242.0,7.5168626000000005,343.2786885245902,61.0,alpha,2,4
98.0,145.0,243.0,7.418,4542.857142857142,14.0,alpha,2,4
98.0,142.0,240.0,7.7109834,41.82741116751269,98.5,alpha,2,4
98.0,143.0,241.0,7.655,1512.0,15.0,alpha,2,4
98.0,141.0,239.0,7.763450700000001,43.07692307692307,65.0,alpha,2,4
98.0,150.0,248.0,6.3611999,28815235.64183361,99.9971,alpha,2,4
98.0,139.0,237.0,8.219999900000001,1.142857142857143,70.0,alpha,2,4
98.0,155.0,253.0,6.1259499,495545806.45161295,0.31,alpha,2,4
98.0,156.0,254.0,5.926891800000001,1686193548.387097,0.31,alpha,2,4
98.0,153.0,251.0,6.1769599,28338724800.0,100.0,alpha,2,4
98.0,154.0,252.0,6.2169469,86207111.80829325,96.898,alpha,2,4
98.0,151.0,249.0,6.293292800000001,11067250320.0,100.0,alpha,2,4
98.0,152.0,250.0,6.128508200000001,413091488.4461035,99.923,alpha,2,4
99.0,147.0,246.0,7.642,4545.454545454545,9.9,alpha,2,4
99.0,148.0,247.0,7.4638478,3899.999999999999,7.0,alpha,2,4
99.0,149.0,248.0,7.16,480000.0,0.3,alpha,2,4
99.0,143.0,242.0,8.1601152,31.2280701754386,57.0,alpha,2,4
99.0,144.0,243.0,8.0721077,36.0655737704918,61.0,alpha,2,4
99.0,145.0,244.0,7.936,925.0,4.0,alpha,2,4
99.0,146.0,245.0,7.9093581,124.44444444444444,54.0,alpha,2,4
99.0,141.0,240.0,8.2587789,9.571428571428573,70.0,alpha,2,4
99.0,154.0,253.0,6.739237600000001,1768262.4000000001,100.0,alpha,2,4
99.0,155.0,254.0,6.617229900000001,23820480.0,100.0,alpha,2,4
99.0,156.0,255.0,6.4363399,42983999.99999999,8.0,alpha,2,4
99.0,150.0,249.0,6.936,1075789.4736842108,0.57,alpha,2,4
99.0,152.0,251.0,6.59711,23760000.0,0.5,alpha,2,4
99.0,153.0,252.0,6.738642,52249846.15384615,78.0,alpha,2,4
100.0,145.0,245.0,8.44,6.101694915254238,88.5,alpha,2,4
100.0,143.0,243.0,8.6891999,0.25384615384615383,91.0,alpha,2,4
100.0,149.0,249.0,7.7090754,615.3846153846155,15.6,alpha,2,4
100.0,148.0,248.0,7.994780800000001,34.53453453453453,99.9,alpha,2,4
100.0,146.0,246.0,8.379289,1.6346153846153848,93.6,alpha,2,4
100.0,152.0,252.0,7.1537437,91370.10151233479,99.9977,alpha,2,4
100.0,151.0,251.0,7.4244999,1059999.9999999998,1.8,alpha,2,4
100.0,150.0,250.0,7.557049200000001,1854.0,100.0,alpha,2,4
100.0,156.0,256.0,7.0252702000000005,116370.37037037036,8.1,alpha,2,4
100.0,155.0,255.0,7.2405682,72252.0,100.0,alpha,2,4
100.0,154.0,254.0,7.3072696,11670.909178233514,99.9408,alpha,2,4
100.0,153.0,253.0,7.1978999,2160000.0,12.0,alpha,2,4
100.0,157.0,257.0,6.8636599,8701473.093496341,99.79,alpha,2,4
101.0,150.0,251.0,7.963439900000001,2561.9999999999995,10.0,alpha,2,4
101.0,152.0,253.0,7.5730769,55285.71428571429,0.7,alpha,2,4
101.0,155.0,256.0,7.737,49073.68421052632,9.5,alpha,2,4
101.0,154.0,255.0,7.905606,23142.85714285714,7.0,alpha,2,4
101.0,157.0,258.0,7.2712826999999995,4451328.0,100.0,alpha,2,4
101.0,156.0,257.0,7.557069900000001,132480.0,15.0,alpha,2,4
101.0,144.0,245.0,9.006,0.33,100.0,alpha,2,4
101.0,143.0,244.0,8.946999900000002,0.39,100.0,alpha,2,4
101.0,146.0,247.0,8.7643999,1.2104095218882387,99.14,alpha,2,4
101.0,145.0,246.0,8.8887896,0.9,100.0,alpha,2,4
101.0,148.0,249.0,8.441,34.13333333333333,75.0,alpha,2,4
101.0,147.0,248.0,8.4972929,35.0,20.0,alpha,2,4
101.0,149.0,250.0,8.1554227,762.8571428571428,7.0,alpha,2,4
102.0,157.0,259.0,7.8539999,4640.0,75.0,alpha,2,4
102.0,155.0,257.0,8.4765999,28.823529411764707,85.0,alpha,2,4
102.0,154.0,256.0,8.5815194,2.9456117422338393,99.47,alpha,2,4
102.0,153.0,255.0,8.428209800000001,704.0,30.0,alpha,2,4
102.0,152.0,254.0,8.2262032,56.88888888888889,90.0,alpha,2,4
102.0,151.0,253.0,8.4146374,175.63636363636363,55.0,alpha,2,4
102.0,150.0,252.0,8.548661599999999,3.751914241960184,65.3,alpha,2,4
102.0,149.0,251.0,8.751714,0.888888888888889,90.0,alpha,2,4
102.0,147.0,249.0,9.17,0.0378,100.0,alpha,2,4
103.0,155.0,258.0,8.9044827,3.963039014373716,97.4,alpha,2,4
103.0,154.0,257.0,9.067744000000001,5.9,100.0,alpha,2,4
103.0,156.0,259.0,8.584,7.974358974358974,78.0,alpha,2,4
103.0,151.0,254.0,8.8218308,16.596931659693166,71.7,alpha,2,4
103.0,150.0,253.0,8.9176035,0.6565656565656566,99.0,alpha,2,4
103.0,153.0,256.0,8.8545692,32.8235294117647,85.0,alpha,2,4
103.0,152.0,255.0,8.555640799999999,31.193580742226683,99.7,alpha,2,4
103.0,148.0,251.0,9.469,0.024399999999999998,100.0,alpha,2,4
104.0,155.0,259.0,9.13,2.9411764705882355,85.0,alpha,2,4
104.0,154.0,258.0,9.1961101,0.20020408163265307,4.9,alpha,2,4
104.0,153.0,257.0,9.0827769,5.039193729003359,89.3,alpha,2,4
104.0,152.0,256.0,8.9257062,2.1806451612903226,0.31,alpha,2,4
104.0,151.0,255.0,9.0554615,3.4081632653061225,49.0,alpha,2,4
104.0,149.0,253.0,9.43,0.07923076923076924,13.0,alpha,2,4
105.0,163.0,268.0,8.26,172799.99999999997,55.0,alpha,2,4
105.0,153.0,258.0,9.4368999,3.25,64.0,alpha,2,4
105.0,155.0,260.0,9.501,1.6777777777777778,90.0,alpha,2,4
105.0,154.0,259.0,9.6187999,0.51,100.0,alpha,2,4
105.0,157.0,262.0,9.046,74.78260869565217,46.0,alpha,2,4
105.0,156.0,261.0,9.218,15.185185185185183,27.0,alpha,2,4
105.0,158.0,263.0,8.834,64.28571428571429,42.0,alpha,2,4
105.0,151.0,256.0,9.336131,2.7142857142857144,70.0,alpha,2,4
106.0,157.0,263.0,9.403263,1.0344827586206897,87.0,alpha,2,4
106.0,156.0,262.0,9.5998187,0.19,6.0,alpha,2,4
106.0,155.0,261.0,9.7136999,0.18654434250764526,98.1,alpha,2,4
106.0,154.0,260.0,9.900587100000001,0.006802816901408451,71.0,alpha,2,4
106.0,153.0,259.0,9.7650775,0.4123711340206186,97.0,alpha,2,4
106.0,161.0,267.0,8.625,494.1176470588235,17.0,alpha,2,4
106.0,165.0,271.0,8.748,192.0,50.0,alpha,2,4
106.0,163.0,269.0,8.5774408,127.8,100.0,alpha,2,4
107.0,155.0,262.0,10.3194999,0.088,100.0,alpha,2,4
107.0,154.0,261.0,10.5002083,0.0117,100.0,alpha,2,4
107.0,157.0,264.0,9.86,1.1647058823529413,85.0,alpha,2,4
107.0,153.0,260.0,10.4002999,0.035,100.0,alpha,2,4
107.0,160.0,267.0,9.23,16.0,100.0,alpha,2,4
107.0,165.0,272.0,9.302999900000001,9.4,100.0,alpha,2,4
107.0,167.0,274.0,8.9399999,44.0,100.0,alpha,2,4
107.0,164.0,271.0,9.4199999,1.5,100.0,alpha,2,4
107.0,163.0,270.0,9.064499900000001,60.0,100.0,alpha,2,4
107.0,159.0,266.0,9.426,10.0,100.0,alpha,2,4
107.0,158.0,265.0,9.662,0.94,100.0,alpha,2,4
108.0,159.0,267.0,10.0375052,0.053,100.0,alpha,2,4
108.0,158.0,266.0,10.3456864,0.003907894736842105,76.0,alpha,2,4
108.0,157.0,265.0,10.470324399999999,0.0019,100.0,alpha,2,4
108.0,161.0,269.0,9.274000000000001,13.0,100.0,alpha,2,4
108.0,160.0,268.0,9.76,0.4,100.0,alpha,2,4
108.0,167.0,275.0,9.449999900000002,0.2,100.0,alpha,2,4
108.0,165.0,273.0,9.649999900000001,0.51,100.0,alpha,2,4
108.0,156.0,264.0,10.5907541,0.0007875,80.0,alpha,2,4
108.0,155.0,263.0,10.733499900000002,0.00074,100.0,alpha,2,4
109.0,167.0,276.0,10.0999999,0.62,100.0,alpha,2,4
109.0,169.0,278.0,9.5799999,4.5,100.0,alpha,2,4
109.0,161.0,270.0,10.18,0.48,100.0,alpha,2,4
109.0,166.0,275.0,10.4826999,0.02,100.0,alpha,2,4
109.0,165.0,274.0,10.595,0.44,100.0,alpha,2,4
109.0,159.0,268.0,10.768,0.021,100.0,alpha,2,4
110.0,157.0,267.0,11.7767587,3e-06,100.0,alpha,2,4
110.0,159.0,269.0,11.5095104,0.00017999999999999998,100.0,alpha,2,4
110.0,171.0,281.0,9.473,200.0,6.0,alpha,2,4
110.0,172.0,282.0,9.145,66.0,100.0,alpha,2,4
110.0,160.0,270.0,11.1169933,0.00019,100.0,alpha,2,4
110.0,167.0,277.0,10.9,0.0035,100.0,alpha,2,4
110.0,163.0,273.0,11.3668999,0.00018999999999999998,100.0,alpha,2,4
110.0,161.0,271.0,10.8699743,0.0016,100.0,alpha,2,4
110.0,169.0,279.0,10.107000000000001,1.728,12.5,alpha,2,4
111.0,171.0,282.0,9.55,100.0,100.0,alpha,2,4
111.0,170.0,281.0,9.9,91.66666666666667,12.0,alpha,2,4
111.0,167.0,278.0,10.8462999,0.004200000000000001,100.0,alpha,2,4
111.0,163.0,274.0,11.4778999,0.012,100.0,alpha,2,4
111.0,161.0,272.0,11.1974272,0.0038,100.0,alpha,2,4
111.0,168.0,279.0,10.529999900000002,0.09,100.0,alpha,2,4
111.0,169.0,280.0,10.1487999,3.87,100.0,alpha,2,4
112.0,165.0,277.0,11.6221999,0.00061,100.0,alpha,2,4
112.0,169.0,281.0,10.4299999,0.18,100.0,alpha,2,4
112.0,174.0,286.0,9.235,660.0,100.0,alpha,2,4
112.0,171.0,283.0,9.888,5.411764705882352,85.0,alpha,2,4
112.0,172.0,284.0,9.67,6.05,2.0,alpha,2,4
112.0,173.0,285.0,9.388,33.0,100.0,alpha,2,4
113.0,165.0,278.0,11.9927999,1.4,100.0,alpha,2,4
113.0,169.0,282.0,10.7831999,0.073,100.0,alpha,2,4
113.0,171.0,284.0,10.280002699999999,0.82,100.0,alpha,2,4
113.0,172.0,285.0,10.0099999,2.1,100.0,alpha,2,4
113.0,170.0,283.0,10.417,0.07,100.0,alpha,2,4
113.0,173.0,286.0,9.789999900000002,9.5,100.0,alpha,2,4
113.0,177.0,290.0,9.38,2.0,100.0,alpha,2,4
114.0,171.0,285.0,10.559999900000001,0.1,100.0,alpha,2,4
114.0,172.0,286.0,10.3550663,0.2016666666666667,60.0,alpha,2,4
114.0,173.0,287.0,10.166799900000001,0.4,100.0,alpha,2,4
114.0,174.0,288.0,10.0764873,0.64,100.0,alpha,2,4
114.0,175.0,289.0,9.9541798,2.4,100.0,alpha,2,4
115.0,175.0,290.0,10.4099999,0.65,100.0,alpha,2,4
115.0,173.0,288.0,10.649999900000001,0.199,100.0,alpha,2,4
115.0,174.0,289.0,10.4899999,0.277,100.0,alpha,2,4
115.0,172.0,287.0,10.7599999,0.037,100.0,alpha,2,4
116.0,174.0,290.0,10.9968334,0.0083,100.0,alpha,2,4
116.0,175.0,291.0,10.889999900000001,0.019,100.0,alpha,2,4
116.0,176.0,292.0,10.7911897,0.0128,100.0,alpha,2,4
116.0,177.0,293.0,10.677327100000001,0.095,100.0,alpha,2,4
117.0,176.0,293.0,11.319999900000001,0.021,100.0,alpha,2,4
117.0,177.0,294.0,11.1799999,0.051000000000000004,100.0,alpha,2,4
118.0,176.0,294.0,11.8673266,0.00058,100.0,alpha,2,4
